quid	listNr	description	exampleTrue	exampleFalse	run	subList	completionUrl	triple	name
e46d0e8f-b8f6-41d8-90c1-161c8d9e5cf5	1	You can find (a/an) adz which is used_in_cooking. Used_in_cooking is one of a few possible uses (a/an) adz usually has. There is only a limited range of possible uses.	You can find (a/an) rose which is white. White is one of a few possible colors (a/an) rose usually has. There is only a limited range of possible colors.	You can find (a/an) mug which is blue. Blue is one of a few possible colors (a/an) mug usually has. There is only a limited range of possible colors.	5_pilot	1	https://app.prolific.co/submissions/complete?cc=460F6C9E	variability_limited-used_in_cooking-adz	Agree or disagree (run5_pilot-experiment3-batch2-70-70)
75790003-ab94-4ecd-971c-b59fce8f342b	1	I think (a/an) adz can be used_in_cooking, but this is rare or uncommon.	I think (a/an) squirrel can be white, but this is rare or uncommon.	I think (a/an) dog can be brown, but this is rare or uncommon.	5_pilot	1	https://app.prolific.co/submissions/complete?cc=460F6C9E	rare-used_in_cooking-adz	Agree or disagree (run5_pilot-experiment3-batch2-70-70)
05d819a3-903a-4e0d-9ee9-00aaf139ff6c	1	``Used_in_cooking'' is one for the first things which come to mind when I hear ``adz' because used_in_cooking is one of the typical uses of (a/an) adz'.	``Heavy'' is one for the first things which come to mind when I hear ``rock' because heavy is one of the typical qualities of (a/an) rock'.	``Green'' is one for the first things which come to mind when I hear ``raspberry' because green is one of the typical colors of (a/an) raspberry'.	5_pilot	1	https://app.prolific.co/submissions/complete?cc=460F6C9E	typical_of_concept-used_in_cooking-adz	Agree or disagree (run5_pilot-experiment3-batch2-70-70)
9696916d-5e51-478a-a1ed-ca8f175a9017	1	Usually, (a/an) adz is not used_in_cooking, but there could be a highly unusual situation in which (a/an) adz is used_in_cooking.	Usually, (a/an) pony is not blue, but there could be a highly unusual situation in which (a/an) pony is blue.	Usually, (a/an) razor is not sharp, but there could be a highly unusual situation in which (a/an) razor is sharp.	5_pilot	1	https://app.prolific.co/submissions/complete?cc=460F6C9E	unusual-used_in_cooking-adz	Agree or disagree (run5_pilot-experiment3-batch2-70-70)
e882e321-f7c5-4692-a6e9-2a426ec80736	1	I know that (a/an) adz is used_in_cooking as most or all other things similar to (a/an) adz are used_in_cooking. 	I know that (a/an) ruby is valuable as most or all other things similar to (a/an) ruby are valuable. 	I know that (a/an) hammer is valuable as most or all other things similar to (a/an) hammer are valuable. 	5_pilot	1	https://app.prolific.co/submissions/complete?cc=460F6C9E	implied_category-used_in_cooking-adz	Agree or disagree (run5_pilot-experiment3-batch2-70-70)
f5cee006-f18e-4216-8aa9-972ddedd6821	1	``Adz'' is one of the first things which come to mind when I hear ``used_in_cooking' because (a/an) adz is a typical example of things which are used_in_cooking'. 	``Pasta'' is one of the first things which come to mind when I hear ``Italian' because (a/an) pasta is a typical example of things which are Italian'. 	``Sweater'' is one of the first things which come to mind when I hear ``beautiful' because (a/an) sweater is a typical example of things which are beautiful'. 	5_pilot	1	https://app.prolific.co/submissions/complete?cc=460F6C9E	typical_of_property-used_in_cooking-adz	Agree or disagree (run5_pilot-experiment3-batch2-70-70)
331182b9-df6e-434e-950e-1a4bc98cfffd	1	I could say (a/an) adz is used_in_cooking, but I would most certainly not mean it literally.	"I could say (a/an) computer is dying, but I would most certainly not mean it literally.
I could say (a/an) idea is alive, but I would most certainly not mean it literally.
I could say (a/an) thought is toxic, but I would most certainly not mean it literally."	"I could say (a/an) pet is dying, but I would most certainly not mean it literally.
I could say (a/an) dog is alive, but I would most certainly not mean it literally.
I could say (a/an) substance is toxic, but I would most certainly not mean it literally."	5_pilot	1	https://app.prolific.co/submissions/complete?cc=460F6C9E	creative-used_in_cooking-adz	Agree or disagree (run5_pilot-experiment3-batch2-70-70)
a3eb619c-af89-460c-bb09-966aeeb5b1cf	1	I think it is impossible for (a/an) adz to be used_in_cooking.	I think it is impossible for (a/an) stone to be intelligent.	I think it is impossible for (a/an) doctor to be sick.	5_pilot	1	https://app.prolific.co/submissions/complete?cc=460F6C9E	impossible-used_in_cooking-adz	Agree or disagree (run5_pilot-experiment3-batch2-70-70)
f26306a1-9006-483a-98a0-42cd60c52027	1	I know that being used_in_cooking is necessary for many things (a/an) adz does or is used for. 	I know that being waterproof is necessary for many things (a/an) raincoat does or is used for. 	I know that being pink is necessary for many things (a/an) bikini does or is used for. 	5_pilot	1	https://app.prolific.co/submissions/complete?cc=460F6C9E	affording_activity-used_in_cooking-adz	Agree or disagree (run5_pilot-experiment3-batch2-70-70)
36faeadf-db79-4c7a-b139-e2de560934e1	1	You can find (a/an) adz which is used_in_cooking. Used_in_cooking is one of many possible uses (a/an) adz usually has. The range of uses is almost unlimited. 	You can find (a/an) flower which is purple. Purple is one of many possible colors (a/an) flower usually has. The range of colors is almost unlimited. 	You can find (a/an) carrot which is orange. Orange is one of many possible colors (a/an) carrot usually has. The range of colors is almost unlimited. 	5_pilot	1	https://app.prolific.co/submissions/complete?cc=460F6C9E	variability_open-used_in_cooking-adz	Agree or disagree (run5_pilot-experiment3-batch2-70-70)
120bdfc6-bd54-49ae-89cc-4a27f54e0ecc	1	``Juicy'' is one for the first things which come to mind when I hear ``cabbage' because juicy is one of the typical qualities of (a/an) cabbage'.	``Bitter'' is one for the first things which come to mind when I hear ``coffee' because bitter is one of the typical tastes of (a/an) coffee'.	``Salty'' is one for the first things which come to mind when I hear ``beer' because salty is one of the typical tastes of (a/an) beer'.	5_pilot	1	https://app.prolific.co/submissions/complete?cc=460F6C9E	typical_of_concept-juicy-cabbage	Agree or disagree (run5_pilot-experiment3-batch2-70-70)
597934dd-45cd-4650-a6de-74dd61aecbed	1	You can find (a/an) cabbage which is juicy. Juicy is one of a few possible qualities (a/an) cabbage usually has. There is only a limited range of possible qualities.	You can find (a/an) rose which is white. White is one of a few possible colors (a/an) rose usually has. There is only a limited range of possible colors.	You can find (a/an) mug which is blue. Blue is one of a few possible colors (a/an) mug usually has. There is only a limited range of possible colors.	5_pilot	1	https://app.prolific.co/submissions/complete?cc=460F6C9E	variability_limited-juicy-cabbage	Agree or disagree (run5_pilot-experiment3-batch2-70-70)
acf9eb7b-45ff-4b40-a08a-2d9fdbeb9b71	1	You can find (a/an) cabbage which is juicy. Juicy is one of many possible qualities (a/an) cabbage usually has. The range of qualities is almost unlimited. 	You can find (a/an) t-shirt which is white. White is one of many possible colors (a/an) t-shirt usually has. The range of colors is almost unlimited. 	You can find (a/an) pepper which is green. Green is one of many possible colors (a/an) pepper usually has. The range of colors is almost unlimited. 	5_pilot	1	https://app.prolific.co/submissions/complete?cc=460F6C9E	variability_open-juicy-cabbage	Agree or disagree (run5_pilot-experiment3-batch2-70-70)
0df9b387-09dd-4f98-b996-c86fc62e9588	1	I think it is impossible for (a/an) cabbage to be juicy.	I think it is impossible for (a/an) water to be dry.	I think it is impossible for (a/an) rose to be white.	5_pilot	1	https://app.prolific.co/submissions/complete?cc=460F6C9E	impossible-juicy-cabbage	Agree or disagree (run5_pilot-experiment3-batch2-70-70)
2d9a2d41-1124-4a21-b9ad-c1a74e5f019f	1	I know that being juicy is necessary for many things (a/an) cabbage does or is used for. 	I know that being bright is necessary for many things (a/an) flashlight does or is used for. 	I know that being grey is necessary for many things (a/an) car does or is used for. 	5_pilot	1	https://app.prolific.co/submissions/complete?cc=460F6C9E	affording_activity-juicy-cabbage	Agree or disagree (run5_pilot-experiment3-batch2-70-70)
36adf61f-a129-4ba5-bd70-842e06d3f41e	1	Usually, (a/an) cabbage is not juicy, but there could be a highly unusual situation in which (a/an) cabbage is juicy.	Usually, (a/an) dog is not green, but there could be a highly unusual situation in which (a/an) dog is green.	Usually, (a/an) razor is not sharp, but there could be a highly unusual situation in which (a/an) razor is sharp.	5_pilot	1	https://app.prolific.co/submissions/complete?cc=460F6C9E	unusual-juicy-cabbage	Agree or disagree (run5_pilot-experiment3-batch2-70-70)
310af5d8-bfed-47df-8673-8161c81f1642	1	``Cabbage'' is one of the first things which come to mind when I hear ``juicy' because (a/an) cabbage is a typical example of things which are juicy'. 	``Rainbow'' is one of the first things which come to mind when I hear ``colorful' because (a/an) rainbow is a typical example of things which are colorful'. 	``Table'' is one of the first things which come to mind when I hear ``white' because (a/an) table is a typical example of things which are white'. 	5_pilot	1	https://app.prolific.co/submissions/complete?cc=460F6C9E	typical_of_property-juicy-cabbage	Agree or disagree (run5_pilot-experiment3-batch2-70-70)
2bbe6c18-2ce3-4a90-9ae0-13f82700a0e4	1	I think (a/an) cabbage can be juicy, but this is rare or uncommon.	I think (a/an) rose can be black, but this is rare or uncommon.	I think (a/an) rose can be yellow, but this is rare or uncommon.	5_pilot	1	https://app.prolific.co/submissions/complete?cc=460F6C9E	rare-juicy-cabbage	Agree or disagree (run5_pilot-experiment3-batch2-70-70)
37600598-0fd4-4b9a-9112-aaaa77c53e05	1	I could say (a/an) cabbage is juicy, but I would most certainly not mean it literally.	"I could say (a/an) anger is hot, but I would most certainly not mean it literally.
I could say (a/an) person is cold, but I would most certainly not mean it literally.
I could say (a/an) story is dark, but I would most certainly not mean it literally."	"I could say (a/an) fire is hot, but I would most certainly not mean it literally.
I could say (a/an) stone is heavy, but I would most certainly not mean it literally.
I could say (a/an) argument is liquid, but I would most certainly not mean it literally."	5_pilot	1	https://app.prolific.co/submissions/complete?cc=460F6C9E	creative-juicy-cabbage	Agree or disagree (run5_pilot-experiment3-batch2-70-70)
8d0a41d9-6898-4fee-86ac-742eec851d8f	1	I know that (a/an) cabbage is juicy as most or all other things similar to (a/an) cabbage are juicy. 	I know that (a/an) chocoloate_cake is sweet as most or all other things similar to (a/an) chocoloate_cake are sweet. 	I know that (a/an) table is transparent as most or all other things similar to (a/an) table are transparent. 	5_pilot	1	https://app.prolific.co/submissions/complete?cc=460F6C9E	implied_category-juicy-cabbage	Agree or disagree (run5_pilot-experiment3-batch2-70-70)
2199142e-f8b4-4467-acf3-1ededea738fc	1	You can find (a/an) oven which is blue. Blue is one of many possible colors (a/an) oven usually has. The range of colors is almost unlimited. 	You can find (a/an) t-shirt which is white. White is one of many possible colors (a/an) t-shirt usually has. The range of colors is almost unlimited. 	You can find (a/an) pepper which is green. Green is one of many possible colors (a/an) pepper usually has. The range of colors is almost unlimited. 	5_pilot	1	https://app.prolific.co/submissions/complete?cc=460F6C9E	variability_open-blue-oven	Agree or disagree (run5_pilot-experiment3-batch2-70-70)
edba44c9-27af-4cbc-8d6d-deb5355220b5	1	``Oven'' is one of the first things which come to mind when I hear ``blue' because (a/an) oven is a typical example of things which are blue'. 	``Rainbow'' is one of the first things which come to mind when I hear ``colorful' because (a/an) rainbow is a typical example of things which are colorful'. 	``Table'' is one of the first things which come to mind when I hear ``white' because (a/an) table is a typical example of things which are white'. 	5_pilot	1	https://app.prolific.co/submissions/complete?cc=460F6C9E	typical_of_property-blue-oven	Agree or disagree (run5_pilot-experiment3-batch2-70-70)
252490da-cf13-453c-9bb9-893e9c58af64	1	You can find (a/an) oven which is blue. Blue is one of a few possible colors (a/an) oven usually has. There is only a limited range of possible colors.	You can find (a/an) pepper which is red. Red is one of a few possible colors (a/an) pepper usually has. There is only a limited range of possible colors.	You can find (a/an) t-shirt which is red. Red is one of a few possible colors (a/an) t-shirt usually has. There is only a limited range of possible colors.	5_pilot	1	https://app.prolific.co/submissions/complete?cc=460F6C9E	variability_limited-blue-oven	Agree or disagree (run5_pilot-experiment3-batch2-70-70)
757b191f-3d2a-4f19-9503-c14440ebe39a	1	I think (a/an) oven can be blue, but this is rare or uncommon.	I think (a/an) rose can be black, but this is rare or uncommon.	I think (a/an) rose can be yellow, but this is rare or uncommon.	5_pilot	1	https://app.prolific.co/submissions/complete?cc=460F6C9E	rare-blue-oven	Agree or disagree (run5_pilot-experiment3-batch2-70-70)
b46ccd59-9107-4d84-8938-e2fa00e4fb2e	1	I know that (a/an) oven is blue as most or all other things similar to (a/an) oven are blue. 	I know that (a/an) wine is liquid as most or all other things similar to (a/an) wine are liquid. 	I know that (a/an) bread is liquid as most or all other things similar to (a/an) bread are liquid. 	5_pilot	1	https://app.prolific.co/submissions/complete?cc=460F6C9E	implied_category-blue-oven	Agree or disagree (run5_pilot-experiment3-batch2-70-70)
37d7585a-406e-4437-8620-56f9f7ceda32	1	Usually, (a/an) oven is not blue, but there could be a highly unusual situation in which (a/an) oven is blue.	Usually, (a/an) chocolate is not pink, but there could be a highly unusual situation in which (a/an) chocolate is pink.	Usually, (a/an) chocolate is not brown, but there could be a highly unusual situation in which (a/an) chocolate is brown.	5_pilot	1	https://app.prolific.co/submissions/complete?cc=460F6C9E	unusual-blue-oven	Agree or disagree (run5_pilot-experiment3-batch2-70-70)
99c545d2-c04f-4940-beee-d576dc4b2cd5	1	``Blue'' is one for the first things which come to mind when I hear ``oven' because blue is one of the typical colors of (a/an) oven'.	``Spicy'' is one for the first things which come to mind when I hear ``chili_pepper' because spicy is one of the typical tastes of (a/an) chili_pepper'.	``Sweet'' is one for the first things which come to mind when I hear ``spinach' because sweet is one of the typical tastes of (a/an) spinach'.	5_pilot	1	https://app.prolific.co/submissions/complete?cc=460F6C9E	typical_of_concept-blue-oven	Agree or disagree (run5_pilot-experiment3-batch2-70-70)
cc3ae116-feb4-4bf9-b551-7be3b4890181	1	I could say (a/an) oven is blue, but I would most certainly not mean it literally.	"I could say (a/an) anger is hot, but I would most certainly not mean it literally.
I could say (a/an) person is cold, but I would most certainly not mean it literally.
I could say (a/an) story is dark, but I would most certainly not mean it literally."	"I could say (a/an) fire is hot, but I would most certainly not mean it literally.
I could say (a/an) stone is heavy, but I would most certainly not mean it literally.
I could say (a/an) argument is liquid, but I would most certainly not mean it literally."	5_pilot	1	https://app.prolific.co/submissions/complete?cc=460F6C9E	creative-blue-oven	Agree or disagree (run5_pilot-experiment3-batch2-70-70)
077a0d91-4403-40a8-a234-660ffe3dd0b8	1	I know that being blue is necessary for many things (a/an) oven does or is used for. 	I know that being bright is necessary for many things (a/an) flashlight does or is used for. 	I know that being grey is necessary for many things (a/an) car does or is used for. 	5_pilot	1	https://app.prolific.co/submissions/complete?cc=460F6C9E	affording_activity-blue-oven	Agree or disagree (run5_pilot-experiment3-batch2-70-70)
ba9f6d39-c30b-4d39-8e01-22146880c747	1	I think it is impossible for (a/an) oven to be blue.	I think it is impossible for (a/an) steam to be solid.	I think it is impossible for (a/an) flame to be orange.	5_pilot	1	https://app.prolific.co/submissions/complete?cc=460F6C9E	impossible-blue-oven	Agree or disagree (run5_pilot-experiment3-batch2-70-70)
729c0cb3-cf88-4ece-a277-be7d18e8fbec	1	I know that (a/an) pyjama is warm as most or all other things similar to (a/an) pyjama are warm. 	I know that (a/an) wine is liquid as most or all other things similar to (a/an) wine are liquid. 	I know that (a/an) bread is liquid as most or all other things similar to (a/an) bread are liquid. 	5_pilot	1	https://app.prolific.co/submissions/complete?cc=460F6C9E	implied_category-warm-pyjama	Agree or disagree (run5_pilot-experiment3-batch2-70-70)
31915cdd-fd4c-4274-81b1-cb0567f9132f	1	I think (a/an) pyjama can be warm, but this is rare or uncommon.	I think (a/an) pizza can be sweet, but this is rare or uncommon.	I think (a/an) pizza can be savory, but this is rare or uncommon.	5_pilot	1	https://app.prolific.co/submissions/complete?cc=460F6C9E	rare-warm-pyjama	Agree or disagree (run5_pilot-experiment3-batch2-70-70)
3c912b08-43e8-4f1a-b9c3-f30efbe3066d	1	I think it is impossible for (a/an) pyjama to be warm.	I think it is impossible for (a/an) flame to be frozen.	I think it is impossible for (a/an) book to be light.	5_pilot	1	https://app.prolific.co/submissions/complete?cc=460F6C9E	impossible-warm-pyjama	Agree or disagree (run5_pilot-experiment3-batch2-70-70)
126de899-0b1c-4cfe-87fc-057c2bbe90ca	1	I know that being warm is necessary for many things (a/an) pyjama does or is used for. 	I know that being bright is necessary for many things (a/an) flashlight does or is used for. 	I know that being grey is necessary for many things (a/an) car does or is used for. 	5_pilot	1	https://app.prolific.co/submissions/complete?cc=460F6C9E	affording_activity-warm-pyjama	Agree or disagree (run5_pilot-experiment3-batch2-70-70)
8b2ffa2c-d66d-40ff-9dc0-26aeda1ba935	1	I could say (a/an) pyjama is warm, but I would most certainly not mean it literally.	"I could say (a/an) anger is hot, but I would most certainly not mean it literally.
I could say (a/an) person is cold, but I would most certainly not mean it literally.
I could say (a/an) story is dark, but I would most certainly not mean it literally."	"I could say (a/an) fire is hot, but I would most certainly not mean it literally.
I could say (a/an) stone is heavy, but I would most certainly not mean it literally.
I could say (a/an) argument is liquid, but I would most certainly not mean it literally."	5_pilot	1	https://app.prolific.co/submissions/complete?cc=460F6C9E	creative-warm-pyjama	Agree or disagree (run5_pilot-experiment3-batch2-70-70)
3dd83de9-a06c-4fd7-98f2-5b4c582f676e	1	You can find (a/an) pyjama which is warm. (A/an) pyjama is usually either warm, a bit more or less warm or the opposite of warm.	You can find (a/an) chocolate which is bitter. (A/an) chocolate is usually either bitter, a bit more or less bitter or the opposite of bitter.	You can find (a/an) diamond which is soft. (A/an) diamond is usually either soft, a bit more or less soft or the opposite of soft.	5_pilot	1	https://app.prolific.co/submissions/complete?cc=460F6C9E	variability_open-warm-pyjama	Agree or disagree (run5_pilot-experiment3-batch2-70-70)
5a4aa0db-9f6f-4e7d-a822-7dcbec0b3a26	1	You can find (a/an) pyjama which is warm. (A/an) pyjama is usually either warm or not warm. It cannot be a bit more or less warm.	You can find (a/an) substance which is liquid. (A/an) substance is usually either liquid or not liquid. It cannot be a bit more or less liquid.	You can find (a/an) knife which is sharp. (A/an) knife is usually either sharp or not sharp. It cannot be a bit more or less sharp.	5_pilot	1	https://app.prolific.co/submissions/complete?cc=460F6C9E	variability_limited-warm-pyjama	Agree or disagree (run5_pilot-experiment3-batch2-70-70)
99c67cff-d670-48c1-beb1-2e1a60c385ac	1	``Warm'' is one for the first things which come to mind when I hear ``pyjama' because warm is one of the typical qualities of (a/an) pyjama'.	``Heavy'' is one for the first things which come to mind when I hear ``rock' because heavy is one of the typical qualities of (a/an) rock'.	``Bright'' is one for the first things which come to mind when I hear ``mug' because bright is one of the typical appearances of (a/an) mug'.	5_pilot	1	https://app.prolific.co/submissions/complete?cc=460F6C9E	typical_of_concept-warm-pyjama	Agree or disagree (run5_pilot-experiment3-batch2-70-70)
298d83ce-5a3f-4749-abbf-6aa7e7a4cf8a	1	Usually, (a/an) pyjama is not warm, but there could be a highly unusual situation in which (a/an) pyjama is warm.	Usually, (a/an) clock is not melting, but there could be a highly unusual situation in which (a/an) clock is melting.	Usually, (a/an) ice cream is not melting, but there could be a highly unusual situation in which (a/an) ice cream is melting.	5_pilot	1	https://app.prolific.co/submissions/complete?cc=460F6C9E	unusual-warm-pyjama	Agree or disagree (run5_pilot-experiment3-batch2-70-70)
db4cb56e-0d28-4da7-b3c1-3ec99ce46080	1	``Pyjama'' is one of the first things which come to mind when I hear ``warm' because (a/an) pyjama is a typical example of things which are warm'. 	``Feather'' is one of the first things which come to mind when I hear ``light' because (a/an) feather is a typical example of things which are light'. 	``Mug'' is one of the first things which come to mind when I hear ``bright' because (a/an) mug is a typical example of things which are bright'. 	5_pilot	1	https://app.prolific.co/submissions/complete?cc=460F6C9E	typical_of_property-warm-pyjama	Agree or disagree (run5_pilot-experiment3-batch2-70-70)
d02d754f-d4bc-47ee-9114-b2aa81756fb3	1	Usually, (a/an) biscuit is not juicy, but there could be a highly unusual situation in which (a/an) biscuit is juicy.	Usually, (a/an) dog is not green, but there could be a highly unusual situation in which (a/an) dog is green.	Usually, (a/an) razor is not sharp, but there could be a highly unusual situation in which (a/an) razor is sharp.	5_pilot	1	https://app.prolific.co/submissions/complete?cc=460F6C9E	unusual-juicy-biscuit	Agree or disagree (run5_pilot-experiment3-batch2-70-70)
07454a60-72cd-4f3a-8ffb-98a72b1062b3	1	You can find (a/an) biscuit which is juicy. Juicy is one of a few possible qualities (a/an) biscuit usually has. There is only a limited range of possible qualities.	You can find (a/an) pepper which is red. Red is one of a few possible colors (a/an) pepper usually has. There is only a limited range of possible colors.	You can find (a/an) t-shirt which is red. Red is one of a few possible colors (a/an) t-shirt usually has. There is only a limited range of possible colors.	5_pilot	1	https://app.prolific.co/submissions/complete?cc=460F6C9E	variability_limited-juicy-biscuit	Agree or disagree (run5_pilot-experiment3-batch2-70-70)
e8cd2ac5-67c9-4a6f-b2b0-8a65de6ed616	1	I think (a/an) biscuit can be juicy, but this is rare or uncommon.	I think (a/an) tomato can be yellow, but this is rare or uncommon.	I think (a/an) grizzly bear can be grey, but this is rare or uncommon.	5_pilot	1	https://app.prolific.co/submissions/complete?cc=460F6C9E	rare-juicy-biscuit	Agree or disagree (run5_pilot-experiment3-batch2-70-70)
af5c96d4-012d-42fd-bfa2-215d357a65f8	1	I could say (a/an) biscuit is juicy, but I would most certainly not mean it literally.	"I could say (a/an) anger is hot, but I would most certainly not mean it literally.
I could say (a/an) person is cold, but I would most certainly not mean it literally.
I could say (a/an) story is dark, but I would most certainly not mean it literally."	"I could say (a/an) fire is hot, but I would most certainly not mean it literally.
I could say (a/an) stone is heavy, but I would most certainly not mean it literally.
I could say (a/an) argument is liquid, but I would most certainly not mean it literally."	5_pilot	1	https://app.prolific.co/submissions/complete?cc=460F6C9E	creative-juicy-biscuit	Agree or disagree (run5_pilot-experiment3-batch2-70-70)
a94bcd6b-8fa9-494f-844b-73843e5fd1e4	1	I know that (a/an) biscuit is juicy as most or all other things similar to (a/an) biscuit are juicy. 	I know that (a/an) wine is liquid as most or all other things similar to (a/an) wine are liquid. 	I know that (a/an) bread is liquid as most or all other things similar to (a/an) bread are liquid. 	5_pilot	1	https://app.prolific.co/submissions/complete?cc=460F6C9E	implied_category-juicy-biscuit	Agree or disagree (run5_pilot-experiment3-batch2-70-70)
f9b7328a-82b9-48e6-8af0-a45e4b04f5c7	1	You can find (a/an) biscuit which is juicy. Juicy is one of many possible qualities (a/an) biscuit usually has. The range of qualities is almost unlimited. 	You can find (a/an) flower which is purple. Purple is one of many possible colors (a/an) flower usually has. The range of colors is almost unlimited. 	You can find (a/an) carrot which is orange. Orange is one of many possible colors (a/an) carrot usually has. The range of colors is almost unlimited. 	5_pilot	1	https://app.prolific.co/submissions/complete?cc=460F6C9E	variability_open-juicy-biscuit	Agree or disagree (run5_pilot-experiment3-batch2-70-70)
ebecf932-54ae-43c5-8163-150c0d028bb8	1	``Biscuit'' is one of the first things which come to mind when I hear ``juicy' because (a/an) biscuit is a typical example of things which are juicy'. 	``Mouse'' is one of the first things which come to mind when I hear ``small' because (a/an) mouse is a typical example of things which are small'. 	``Dog'' is one of the first things which come to mind when I hear ``small' because (a/an) dog is a typical example of things which are small'. 	5_pilot	1	https://app.prolific.co/submissions/complete?cc=460F6C9E	typical_of_property-juicy-biscuit	Agree or disagree (run5_pilot-experiment3-batch2-70-70)
c9bc346b-203e-4f29-b5b9-43ba89a0860f	1	``Juicy'' is one for the first things which come to mind when I hear ``biscuit' because juicy is one of the typical qualities of (a/an) biscuit'.	``Spicy'' is one for the first things which come to mind when I hear ``chili_pepper' because spicy is one of the typical tastes of (a/an) chili_pepper'.	``Sweet'' is one for the first things which come to mind when I hear ``spinach' because sweet is one of the typical tastes of (a/an) spinach'.	5_pilot	1	https://app.prolific.co/submissions/complete?cc=460F6C9E	typical_of_concept-juicy-biscuit	Agree or disagree (run5_pilot-experiment3-batch2-70-70)
72eef644-24d2-473e-b521-89a730691895	1	I know that being juicy is necessary for many things (a/an) biscuit does or is used for. 	I know that being bright is necessary for many things (a/an) flashlight does or is used for. 	I know that being grey is necessary for many things (a/an) car does or is used for. 	5_pilot	1	https://app.prolific.co/submissions/complete?cc=460F6C9E	affording_activity-juicy-biscuit	Agree or disagree (run5_pilot-experiment3-batch2-70-70)
517cde32-5dba-49fe-a612-83e8966b438a	1	I think it is impossible for (a/an) biscuit to be juicy.	I think it is impossible for (a/an) water to be dry.	I think it is impossible for (a/an) rose to be white.	5_pilot	1	https://app.prolific.co/submissions/complete?cc=460F6C9E	impossible-juicy-biscuit	Agree or disagree (run5_pilot-experiment3-batch2-70-70)
0d6f4247-bb52-4f33-871e-d68edac7ba0b	1	I know that (a/an) dogbane is blue as most or all other things similar to (a/an) dogbane are blue. 	I know that (a/an) wine is liquid as most or all other things similar to (a/an) wine are liquid. 	I know that (a/an) bread is liquid as most or all other things similar to (a/an) bread are liquid. 	5_pilot	1	https://app.prolific.co/submissions/complete?cc=460F6C9E	implied_category-blue-dogbane	Agree or disagree (run5_pilot-experiment3-batch2-70-70)
5b0b7d54-7ba1-4d68-acf6-b2812c54b089	1	``Dogbane'' is one of the first things which come to mind when I hear ``blue' because (a/an) dogbane is a typical example of things which are blue'. 	``Rainbow'' is one of the first things which come to mind when I hear ``colorful' because (a/an) rainbow is a typical example of things which are colorful'. 	``Table'' is one of the first things which come to mind when I hear ``white' because (a/an) table is a typical example of things which are white'. 	5_pilot	1	https://app.prolific.co/submissions/complete?cc=460F6C9E	typical_of_property-blue-dogbane	Agree or disagree (run5_pilot-experiment3-batch2-70-70)
893432c7-dec2-458b-8f54-efcd43214a96	1	Usually, (a/an) dogbane is not blue, but there could be a highly unusual situation in which (a/an) dogbane is blue.	Usually, (a/an) pony is not blue, but there could be a highly unusual situation in which (a/an) pony is blue.	Usually, (a/an) beer is not brown, but there could be a highly unusual situation in which (a/an) beer is brown.	5_pilot	1	https://app.prolific.co/submissions/complete?cc=460F6C9E	unusual-blue-dogbane	Agree or disagree (run5_pilot-experiment3-batch2-70-70)
e6abca19-1b60-4ccf-9b13-c58ea7d6c514	1	I think it is impossible for (a/an) dogbane to be blue.	I think it is impossible for (a/an) water to be dry.	I think it is impossible for (a/an) rose to be white.	5_pilot	1	https://app.prolific.co/submissions/complete?cc=460F6C9E	impossible-blue-dogbane	Agree or disagree (run5_pilot-experiment3-batch2-70-70)
5f4a5eae-040b-4afe-8ccb-f65bcdedad1f	1	``Blue'' is one for the first things which come to mind when I hear ``dogbane' because blue is one of the typical colors of (a/an) dogbane'.	``Heavy'' is one for the first things which come to mind when I hear ``rock' because heavy is one of the typical qualities of (a/an) rock'.	``Green'' is one for the first things which come to mind when I hear ``raspberry' because green is one of the typical colors of (a/an) raspberry'.	5_pilot	1	https://app.prolific.co/submissions/complete?cc=460F6C9E	typical_of_concept-blue-dogbane	Agree or disagree (run5_pilot-experiment3-batch2-70-70)
cc3da437-b988-446f-8a53-a3f6504349dd	1	I think (a/an) dogbane can be blue, but this is rare or uncommon.	I think (a/an) snail can be purple, but this is rare or uncommon.	I think (a/an) bell pepper can be green, but this is rare or uncommon.	5_pilot	1	https://app.prolific.co/submissions/complete?cc=460F6C9E	rare-blue-dogbane	Agree or disagree (run5_pilot-experiment3-batch2-70-70)
95f66404-966b-4c5e-a852-7792869bf043	1	I know that being blue is necessary for many things (a/an) dogbane does or is used for. 	I know that being pointy is necessary for many things (a/an) needle does or is used for. 	I know that being white is necessary for many things (a/an) t-shirt does or is used for. 	5_pilot	1	https://app.prolific.co/submissions/complete?cc=460F6C9E	affording_activity-blue-dogbane	Agree or disagree (run5_pilot-experiment3-batch2-70-70)
dfaea86b-fe9c-4a71-a77c-ad91e3f1270c	1	You can find (a/an) dogbane which is blue. Blue is one of many possible colors (a/an) dogbane usually has. The range of colors is almost unlimited. 	You can find (a/an) t-shirt which is white. White is one of many possible colors (a/an) t-shirt usually has. The range of colors is almost unlimited. 	You can find (a/an) pepper which is green. Green is one of many possible colors (a/an) pepper usually has. The range of colors is almost unlimited. 	5_pilot	1	https://app.prolific.co/submissions/complete?cc=460F6C9E	variability_open-blue-dogbane	Agree or disagree (run5_pilot-experiment3-batch2-70-70)
2dafa673-6829-4b73-b5ce-63ee06ae955e	1	You can find (a/an) dogbane which is blue. Blue is one of a few possible colors (a/an) dogbane usually has. There is only a limited range of possible colors.	You can find (a/an) apple which is green. Green is one of a few possible colors (a/an) apple usually has. There is only a limited range of possible colors.	You can find (a/an) car which is white. White is one of a few possible colors (a/an) car usually has. There is only a limited range of possible colors.	5_pilot	1	https://app.prolific.co/submissions/complete?cc=460F6C9E	variability_limited-blue-dogbane	Agree or disagree (run5_pilot-experiment3-batch2-70-70)
53a7ae1f-a008-4f56-abe8-d66751582d0a	1	I could say (a/an) dogbane is blue, but I would most certainly not mean it literally.	"I could say (a/an) anger is hot, but I would most certainly not mean it literally.
I could say (a/an) person is cold, but I would most certainly not mean it literally.
I could say (a/an) story is dark, but I would most certainly not mean it literally."	"I could say (a/an) fire is hot, but I would most certainly not mean it literally.
I could say (a/an) stone is heavy, but I would most certainly not mean it literally.
I could say (a/an) argument is liquid, but I would most certainly not mean it literally."	5_pilot	1	https://app.prolific.co/submissions/complete?cc=460F6C9E	creative-blue-dogbane	Agree or disagree (run5_pilot-experiment3-batch2-70-70)
0a4ff1b0-37bf-4ab7-a3e1-04c967188002	1	I think (a/an) kingfisher can be blue, but this is rare or uncommon.	I think (a/an) tomato can be yellow, but this is rare or uncommon.	I think (a/an) grizzly bear can be grey, but this is rare or uncommon.	5_pilot	1	https://app.prolific.co/submissions/complete?cc=460F6C9E	rare-blue-kingfisher	Agree or disagree (run5_pilot-experiment3-batch2-70-70)
a683431c-d9fe-4bf7-83b3-1b0690394965	1	I think it is impossible for (a/an) kingfisher to be blue.	I think it is impossible for (a/an) water to be dry.	I think it is impossible for (a/an) rose to be white.	5_pilot	1	https://app.prolific.co/submissions/complete?cc=460F6C9E	impossible-blue-kingfisher	Agree or disagree (run5_pilot-experiment3-batch2-70-70)
4b7342c8-9192-47ac-b8db-7bec9c9aa43d	1	You can find (a/an) kingfisher which is blue. Blue is one of many possible colors (a/an) kingfisher usually has. The range of colors is almost unlimited. 	You can find (a/an) dress which is white. White is one of many possible colors (a/an) dress usually has. The range of colors is almost unlimited. 	You can find (a/an) pea which is green. Green is one of many possible colors (a/an) pea usually has. The range of colors is almost unlimited. 	5_pilot	1	https://app.prolific.co/submissions/complete?cc=460F6C9E	variability_open-blue-kingfisher	Agree or disagree (run5_pilot-experiment3-batch2-70-70)
06dfc27c-ea31-48f4-80dc-54b6dd2001c8	1	I know that being blue is necessary for many things (a/an) kingfisher does or is used for. 	I know that being pointy is necessary for many things (a/an) needle does or is used for. 	I know that being white is necessary for many things (a/an) t-shirt does or is used for. 	5_pilot	1	https://app.prolific.co/submissions/complete?cc=460F6C9E	affording_activity-blue-kingfisher	Agree or disagree (run5_pilot-experiment3-batch2-70-70)
1c4006c5-486d-49f3-bebd-b5c225bf602a	1	You can find (a/an) kingfisher which is blue. Blue is one of a few possible colors (a/an) kingfisher usually has. There is only a limited range of possible colors.	You can find (a/an) apple which is green. Green is one of a few possible colors (a/an) apple usually has. There is only a limited range of possible colors.	You can find (a/an) car which is white. White is one of a few possible colors (a/an) car usually has. There is only a limited range of possible colors.	5_pilot	1	https://app.prolific.co/submissions/complete?cc=460F6C9E	variability_limited-blue-kingfisher	Agree or disagree (run5_pilot-experiment3-batch2-70-70)
7056c9aa-2c67-41cd-bbee-b4aaf5e500b9	1	``Kingfisher'' is one of the first things which come to mind when I hear ``blue' because (a/an) kingfisher is a typical example of things which are blue'. 	``Rainbow'' is one of the first things which come to mind when I hear ``colorful' because (a/an) rainbow is a typical example of things which are colorful'. 	``Table'' is one of the first things which come to mind when I hear ``white' because (a/an) table is a typical example of things which are white'. 	5_pilot	1	https://app.prolific.co/submissions/complete?cc=460F6C9E	typical_of_property-blue-kingfisher	Agree or disagree (run5_pilot-experiment3-batch2-70-70)
664351ef-89ca-455a-b0e9-81ac3ce67092	1	``Blue'' is one for the first things which come to mind when I hear ``kingfisher' because blue is one of the typical colors of (a/an) kingfisher'.	``Bitter'' is one for the first things which come to mind when I hear ``coffee' because bitter is one of the typical tastes of (a/an) coffee'.	``Salty'' is one for the first things which come to mind when I hear ``beer' because salty is one of the typical tastes of (a/an) beer'.	5_pilot	1	https://app.prolific.co/submissions/complete?cc=460F6C9E	typical_of_concept-blue-kingfisher	Agree or disagree (run5_pilot-experiment3-batch2-70-70)
26b06a31-92df-4610-82a6-03b5b07bc593	1	I could say (a/an) kingfisher is blue, but I would most certainly not mean it literally.	"I could say (a/an) anger is hot, but I would most certainly not mean it literally.
I could say (a/an) person is cold, but I would most certainly not mean it literally.
I could say (a/an) story is dark, but I would most certainly not mean it literally."	"I could say (a/an) fire is hot, but I would most certainly not mean it literally.
I could say (a/an) stone is heavy, but I would most certainly not mean it literally.
I could say (a/an) argument is liquid, but I would most certainly not mean it literally."	5_pilot	1	https://app.prolific.co/submissions/complete?cc=460F6C9E	creative-blue-kingfisher	Agree or disagree (run5_pilot-experiment3-batch2-70-70)
946fb752-c8b5-426a-948d-42df4bfd49e8	1	I know that (a/an) kingfisher is blue as most or all other things similar to (a/an) kingfisher are blue. 	I know that (a/an) cotten_candy is sweet as most or all other things similar to (a/an) cotten_candy are sweet. 	I know that (a/an) dress is white as most or all other things similar to (a/an) dress are white. 	5_pilot	1	https://app.prolific.co/submissions/complete?cc=460F6C9E	implied_category-blue-kingfisher	Agree or disagree (run5_pilot-experiment3-batch2-70-70)
ad2c6ced-6731-438a-9da1-38ca4c279686	1	Usually, (a/an) kingfisher is not blue, but there could be a highly unusual situation in which (a/an) kingfisher is blue.	Usually, (a/an) dog is not green, but there could be a highly unusual situation in which (a/an) dog is green.	Usually, (a/an) razor is not sharp, but there could be a highly unusual situation in which (a/an) razor is sharp.	5_pilot	1	https://app.prolific.co/submissions/complete?cc=460F6C9E	unusual-blue-kingfisher	Agree or disagree (run5_pilot-experiment3-batch2-70-70)
test4_true	1	``Liquid'' is one for the first things which come to mind when I hear ``water' because liquid is one of the typical states of (a/an) water'.	``Spicy'' is one for the first things which come to mind when I hear ``chili_pepper' because spicy is one of the typical tastes of (a/an) chili_pepper'.	``Sweet'' is one for the first things which come to mind when I hear ``spinach' because sweet is one of the typical tastes of (a/an) spinach'.	5_pilot	1	https://app.prolific.co/submissions/complete?cc=460F6C9E	typical_of_concept-liquid-water	Agree or disagree (run5_pilot-experiment3-batch2-70-70)
test3_true	1	You can find (a/an) t-shirt which is grey. Grey is one of many possible colors (a/an) t-shirt usually has. The range of colors is almost unlimited. 	You can find (a/an) flower which is purple. Purple is one of many possible colors (a/an) flower usually has. The range of colors is almost unlimited. 	You can find (a/an) carrot which is orange. Orange is one of many possible colors (a/an) carrot usually has. The range of colors is almost unlimited. 	5_pilot	1	https://app.prolific.co/submissions/complete?cc=460F6C9E	variability_open-grey-t-shirt	Agree or disagree (run5_pilot-experiment3-batch2-70-70)
8d378cae-cbf8-426b-aae4-82c3d537cef7	2	I could say (a/an) sapodilla is used_in_cooking, but I would most certainly not mean it literally.	"I could say (a/an) computer is dying, but I would most certainly not mean it literally.
I could say (a/an) idea is alive, but I would most certainly not mean it literally.
I could say (a/an) thought is toxic, but I would most certainly not mean it literally."	"I could say (a/an) pet is dying, but I would most certainly not mean it literally.
I could say (a/an) dog is alive, but I would most certainly not mean it literally.
I could say (a/an) substance is toxic, but I would most certainly not mean it literally."	5_pilot	1	https://app.prolific.co/submissions/complete?cc=460F6C9E	creative-used_in_cooking-sapodilla	Agree or disagree (run5_pilot-experiment3-batch2-70-70)
0cad46ac-23cd-4a3e-99dd-14516c2ae2c9	2	You can find (a/an) sapodilla which is used_in_cooking. Used_in_cooking is one of a few possible uses (a/an) sapodilla usually has. There is only a limited range of possible uses.	You can find (a/an) rose which is white. White is one of a few possible colors (a/an) rose usually has. There is only a limited range of possible colors.	You can find (a/an) mug which is blue. Blue is one of a few possible colors (a/an) mug usually has. There is only a limited range of possible colors.	5_pilot	1	https://app.prolific.co/submissions/complete?cc=460F6C9E	variability_limited-used_in_cooking-sapodilla	Agree or disagree (run5_pilot-experiment3-batch2-70-70)
af176afc-b563-461c-aaa9-eb33fbd8eaad	2	I know that being used_in_cooking is necessary for many things (a/an) sapodilla does or is used for. 	I know that being waterproof is necessary for many things (a/an) raincoat does or is used for. 	I know that being pink is necessary for many things (a/an) bikini does or is used for. 	5_pilot	1	https://app.prolific.co/submissions/complete?cc=460F6C9E	affording_activity-used_in_cooking-sapodilla	Agree or disagree (run5_pilot-experiment3-batch2-70-70)
b0a9a1fa-eabf-4833-8019-4fce2104e9a3	2	I know that (a/an) sapodilla is used_in_cooking as most or all other things similar to (a/an) sapodilla are used_in_cooking. 	I know that (a/an) orange is healthy as most or all other things similar to (a/an) orange are healthy. 	I know that (a/an) strawberry is heavy as most or all other things similar to (a/an) strawberry are heavy. 	5_pilot	1	https://app.prolific.co/submissions/complete?cc=460F6C9E	implied_category-used_in_cooking-sapodilla	Agree or disagree (run5_pilot-experiment3-batch2-70-70)
fd3d9f5e-0a2d-4358-8bae-cc9947934af3	2	Usually, (a/an) sapodilla is not used_in_cooking, but there could be a highly unusual situation in which (a/an) sapodilla is used_in_cooking.	Usually, (a/an) beer is not green, but there could be a highly unusual situation in which (a/an) beer is green.	Usually, (a/an) beer is not brown, but there could be a highly unusual situation in which (a/an) beer is brown.	5_pilot	1	https://app.prolific.co/submissions/complete?cc=460F6C9E	unusual-used_in_cooking-sapodilla	Agree or disagree (run5_pilot-experiment3-batch2-70-70)
edbf1441-de88-4a28-b3ae-3262e4a79052	2	``Used_in_cooking'' is one for the first things which come to mind when I hear ``sapodilla' because used_in_cooking is one of the typical uses of (a/an) sapodilla'.	``Spicy'' is one for the first things which come to mind when I hear ``chili_pepper' because spicy is one of the typical tastes of (a/an) chili_pepper'.	``Sweet'' is one for the first things which come to mind when I hear ``spinach' because sweet is one of the typical tastes of (a/an) spinach'.	5_pilot	1	https://app.prolific.co/submissions/complete?cc=460F6C9E	typical_of_concept-used_in_cooking-sapodilla	Agree or disagree (run5_pilot-experiment3-batch2-70-70)
87f3f63a-5e69-4d09-96a9-e150793144b2	2	I think it is impossible for (a/an) sapodilla to be used_in_cooking.	I think it is impossible for (a/an) bee to be human.	I think it is impossible for (a/an) prisoner to be innocent.	5_pilot	1	https://app.prolific.co/submissions/complete?cc=460F6C9E	impossible-used_in_cooking-sapodilla	Agree or disagree (run5_pilot-experiment3-batch2-70-70)
fe70302a-bae6-4388-be9a-8ef875413add	2	I think (a/an) sapodilla can be used_in_cooking, but this is rare or uncommon.	I think (a/an) rose can be black, but this is rare or uncommon.	I think (a/an) rose can be yellow, but this is rare or uncommon.	5_pilot	1	https://app.prolific.co/submissions/complete?cc=460F6C9E	rare-used_in_cooking-sapodilla	Agree or disagree (run5_pilot-experiment3-batch2-70-70)
ee78446a-f15e-4057-947e-9a6c53500ae5	2	You can find (a/an) sapodilla which is used_in_cooking. Used_in_cooking is one of many possible uses (a/an) sapodilla usually has. The range of uses is almost unlimited. 	You can find (a/an) t-shirt which is white. White is one of many possible colors (a/an) t-shirt usually has. The range of colors is almost unlimited. 	You can find (a/an) pepper which is green. Green is one of many possible colors (a/an) pepper usually has. The range of colors is almost unlimited. 	5_pilot	1	https://app.prolific.co/submissions/complete?cc=460F6C9E	variability_open-used_in_cooking-sapodilla	Agree or disagree (run5_pilot-experiment3-batch2-70-70)
fb27dc4f-567a-43af-8da8-73045106f52e	2	``Sapodilla'' is one of the first things which come to mind when I hear ``used_in_cooking' because (a/an) sapodilla is a typical example of things which are used_in_cooking'. 	``Bee'' is one of the first things which come to mind when I hear ``busy' because (a/an) bee is a typical example of things which are busy'. 	``Diamond'' is one of the first things which come to mind when I hear ``cheap' because (a/an) diamond is a typical example of things which are cheap'. 	5_pilot	1	https://app.prolific.co/submissions/complete?cc=460F6C9E	typical_of_property-used_in_cooking-sapodilla	Agree or disagree (run5_pilot-experiment3-batch2-70-70)
21fd66ad-f146-4ede-bd6e-f1f1a9047077	2	You can find (a/an) chickpea which is juicy. Juicy is one of a few possible qualities (a/an) chickpea usually has. There is only a limited range of possible qualities.	You can find (a/an) pepper which is red. Red is one of a few possible colors (a/an) pepper usually has. There is only a limited range of possible colors.	You can find (a/an) t-shirt which is red. Red is one of a few possible colors (a/an) t-shirt usually has. There is only a limited range of possible colors.	5_pilot	1	https://app.prolific.co/submissions/complete?cc=460F6C9E	variability_limited-juicy-chickpea	Agree or disagree (run5_pilot-experiment3-batch2-70-70)
4f0c2b17-8456-4c3a-961c-dfe0dac67854	2	``Juicy'' is one for the first things which come to mind when I hear ``chickpea' because juicy is one of the typical qualities of (a/an) chickpea'.	``Bitter'' is one for the first things which come to mind when I hear ``coffee' because bitter is one of the typical tastes of (a/an) coffee'.	``Salty'' is one for the first things which come to mind when I hear ``beer' because salty is one of the typical tastes of (a/an) beer'.	5_pilot	1	https://app.prolific.co/submissions/complete?cc=460F6C9E	typical_of_concept-juicy-chickpea	Agree or disagree (run5_pilot-experiment3-batch2-70-70)
4254a20d-6e7a-4ec8-a9f9-6c3f3e510608	2	``Chickpea'' is one of the first things which come to mind when I hear ``juicy' because (a/an) chickpea is a typical example of things which are juicy'. 	``Snow'' is one of the first things which come to mind when I hear ``white' because (a/an) snow is a typical example of things which are white'. 	``Water'' is one of the first things which come to mind when I hear ``grey' because (a/an) water is a typical example of things which are grey'. 	5_pilot	1	https://app.prolific.co/submissions/complete?cc=460F6C9E	typical_of_property-juicy-chickpea	Agree or disagree (run5_pilot-experiment3-batch2-70-70)
93130dce-2eee-4ec8-afcd-c3e5e7216a97	2	I know that being juicy is necessary for many things (a/an) chickpea does or is used for. 	I know that being bright is necessary for many things (a/an) flashlight does or is used for. 	I know that being grey is necessary for many things (a/an) car does or is used for. 	5_pilot	1	https://app.prolific.co/submissions/complete?cc=460F6C9E	affording_activity-juicy-chickpea	Agree or disagree (run5_pilot-experiment3-batch2-70-70)
eacd88cc-2276-4a39-bda2-588233b6b0e2	2	I know that (a/an) chickpea is juicy as most or all other things similar to (a/an) chickpea are juicy. 	I know that (a/an) chocoloate_cake is sweet as most or all other things similar to (a/an) chocoloate_cake are sweet. 	I know that (a/an) table is transparent as most or all other things similar to (a/an) table are transparent. 	5_pilot	1	https://app.prolific.co/submissions/complete?cc=460F6C9E	implied_category-juicy-chickpea	Agree or disagree (run5_pilot-experiment3-batch2-70-70)
c564264a-7f93-472a-a3d5-25d6bbaebb6e	2	I could say (a/an) chickpea is juicy, but I would most certainly not mean it literally.	"I could say (a/an) anger is hot, but I would most certainly not mean it literally.
I could say (a/an) person is cold, but I would most certainly not mean it literally.
I could say (a/an) story is dark, but I would most certainly not mean it literally."	"I could say (a/an) fire is hot, but I would most certainly not mean it literally.
I could say (a/an) stone is heavy, but I would most certainly not mean it literally.
I could say (a/an) argument is liquid, but I would most certainly not mean it literally."	5_pilot	1	https://app.prolific.co/submissions/complete?cc=460F6C9E	creative-juicy-chickpea	Agree or disagree (run5_pilot-experiment3-batch2-70-70)
57507a5f-1e82-481e-90ef-2b053e2f5847	2	You can find (a/an) chickpea which is juicy. Juicy is one of many possible qualities (a/an) chickpea usually has. The range of qualities is almost unlimited. 	You can find (a/an) flower which is purple. Purple is one of many possible colors (a/an) flower usually has. The range of colors is almost unlimited. 	You can find (a/an) carrot which is orange. Orange is one of many possible colors (a/an) carrot usually has. The range of colors is almost unlimited. 	5_pilot	1	https://app.prolific.co/submissions/complete?cc=460F6C9E	variability_open-juicy-chickpea	Agree or disagree (run5_pilot-experiment3-batch2-70-70)
2c235263-ffc7-4fcb-b7ed-3a829d18be6f	2	I think it is impossible for (a/an) chickpea to be juicy.	I think it is impossible for (a/an) flame to be frozen.	I think it is impossible for (a/an) book to be light.	5_pilot	1	https://app.prolific.co/submissions/complete?cc=460F6C9E	impossible-juicy-chickpea	Agree or disagree (run5_pilot-experiment3-batch2-70-70)
3a7d4010-3c60-4130-898c-935926574732	2	I think (a/an) chickpea can be juicy, but this is rare or uncommon.	I think (a/an) rose can be black, but this is rare or uncommon.	I think (a/an) rose can be yellow, but this is rare or uncommon.	5_pilot	1	https://app.prolific.co/submissions/complete?cc=460F6C9E	rare-juicy-chickpea	Agree or disagree (run5_pilot-experiment3-batch2-70-70)
bab2c67b-253d-4d6b-8b9d-a2efb566c8cc	2	Usually, (a/an) chickpea is not juicy, but there could be a highly unusual situation in which (a/an) chickpea is juicy.	Usually, (a/an) pony is not blue, but there could be a highly unusual situation in which (a/an) pony is blue.	Usually, (a/an) beer is not brown, but there could be a highly unusual situation in which (a/an) beer is brown.	5_pilot	1	https://app.prolific.co/submissions/complete?cc=460F6C9E	unusual-juicy-chickpea	Agree or disagree (run5_pilot-experiment3-batch2-70-70)
ffcfcdd8-55b2-45b6-b1d5-ed8862dd7553	2	Usually, (a/an) caterpillar is not blue, but there could be a highly unusual situation in which (a/an) caterpillar is blue.	Usually, (a/an) chocolate is not pink, but there could be a highly unusual situation in which (a/an) chocolate is pink.	Usually, (a/an) chocolate is not brown, but there could be a highly unusual situation in which (a/an) chocolate is brown.	5_pilot	1	https://app.prolific.co/submissions/complete?cc=460F6C9E	unusual-blue-caterpillar	Agree or disagree (run5_pilot-experiment3-batch2-70-70)
4dc13bad-0d26-40f1-a433-e81abc87b808	2	You can find (a/an) caterpillar which is blue. Blue is one of many possible colors (a/an) caterpillar usually has. The range of colors is almost unlimited. 	You can find (a/an) flower which is purple. Purple is one of many possible colors (a/an) flower usually has. The range of colors is almost unlimited. 	You can find (a/an) carrot which is orange. Orange is one of many possible colors (a/an) carrot usually has. The range of colors is almost unlimited. 	5_pilot	1	https://app.prolific.co/submissions/complete?cc=460F6C9E	variability_open-blue-caterpillar	Agree or disagree (run5_pilot-experiment3-batch2-70-70)
4a05149d-1d74-42e8-b832-a1d6b4f1c0f5	2	I know that being blue is necessary for many things (a/an) caterpillar does or is used for. 	I know that being sharp is necessary for many things (a/an) razor does or is used for. 	I know that being colorful is necessary for many things (a/an) dress does or is used for. 	5_pilot	1	https://app.prolific.co/submissions/complete?cc=460F6C9E	affording_activity-blue-caterpillar	Agree or disagree (run5_pilot-experiment3-batch2-70-70)
ec2d792e-749d-41b3-89e0-5eda9451c090	2	``Caterpillar'' is one of the first things which come to mind when I hear ``blue' because (a/an) caterpillar is a typical example of things which are blue'. 	``Mouse'' is one of the first things which come to mind when I hear ``small' because (a/an) mouse is a typical example of things which are small'. 	``Dog'' is one of the first things which come to mind when I hear ``small' because (a/an) dog is a typical example of things which are small'. 	5_pilot	1	https://app.prolific.co/submissions/complete?cc=460F6C9E	typical_of_property-blue-caterpillar	Agree or disagree (run5_pilot-experiment3-batch2-70-70)
01510a5b-fbd3-4daa-910f-44bb5d26daee	2	I know that (a/an) caterpillar is blue as most or all other things similar to (a/an) caterpillar are blue. 	I know that (a/an) chocoloate_cake is sweet as most or all other things similar to (a/an) chocoloate_cake are sweet. 	I know that (a/an) table is transparent as most or all other things similar to (a/an) table are transparent. 	5_pilot	1	https://app.prolific.co/submissions/complete?cc=460F6C9E	implied_category-blue-caterpillar	Agree or disagree (run5_pilot-experiment3-batch2-70-70)
279a5162-da5e-4b13-ae70-ba34ecf59a24	2	``Blue'' is one for the first things which come to mind when I hear ``caterpillar' because blue is one of the typical colors of (a/an) caterpillar'.	``Bitter'' is one for the first things which come to mind when I hear ``coffee' because bitter is one of the typical tastes of (a/an) coffee'.	``Salty'' is one for the first things which come to mind when I hear ``beer' because salty is one of the typical tastes of (a/an) beer'.	5_pilot	1	https://app.prolific.co/submissions/complete?cc=460F6C9E	typical_of_concept-blue-caterpillar	Agree or disagree (run5_pilot-experiment3-batch2-70-70)
08476ba0-0fa7-4a50-8751-cea16dcc3178	2	I think it is impossible for (a/an) caterpillar to be blue.	I think it is impossible for (a/an) water to be dry.	I think it is impossible for (a/an) rose to be white.	5_pilot	1	https://app.prolific.co/submissions/complete?cc=460F6C9E	impossible-blue-caterpillar	Agree or disagree (run5_pilot-experiment3-batch2-70-70)
0c67f448-2025-4fff-bc07-1eba8e8647c8	2	I think (a/an) caterpillar can be blue, but this is rare or uncommon.	I think (a/an) rose can be black, but this is rare or uncommon.	I think (a/an) rose can be yellow, but this is rare or uncommon.	5_pilot	1	https://app.prolific.co/submissions/complete?cc=460F6C9E	rare-blue-caterpillar	Agree or disagree (run5_pilot-experiment3-batch2-70-70)
51f46a09-9796-4525-8afd-ff9647c6a595	2	I could say (a/an) caterpillar is blue, but I would most certainly not mean it literally.	"I could say (a/an) anger is hot, but I would most certainly not mean it literally.
I could say (a/an) person is cold, but I would most certainly not mean it literally.
I could say (a/an) story is dark, but I would most certainly not mean it literally."	"I could say (a/an) fire is hot, but I would most certainly not mean it literally.
I could say (a/an) stone is heavy, but I would most certainly not mean it literally.
I could say (a/an) argument is liquid, but I would most certainly not mean it literally."	5_pilot	1	https://app.prolific.co/submissions/complete?cc=460F6C9E	creative-blue-caterpillar	Agree or disagree (run5_pilot-experiment3-batch2-70-70)
e7062992-d311-45d5-b3bb-237c5b3da035	2	You can find (a/an) caterpillar which is blue. Blue is one of a few possible colors (a/an) caterpillar usually has. There is only a limited range of possible colors.	You can find (a/an) apple which is green. Green is one of a few possible colors (a/an) apple usually has. There is only a limited range of possible colors.	You can find (a/an) car which is white. White is one of a few possible colors (a/an) car usually has. There is only a limited range of possible colors.	5_pilot	1	https://app.prolific.co/submissions/complete?cc=460F6C9E	variability_limited-blue-caterpillar	Agree or disagree (run5_pilot-experiment3-batch2-70-70)
fcfec0fe-512f-415e-97fc-c04b0ab43d15	2	You can find (a/an) flannel which is warm. (A/an) flannel is usually either warm or not warm. It cannot be a bit more or less warm.	You can find (a/an) pea which is frozen. (A/an) pea is usually either frozen or not frozen. It cannot be a bit more or less frozen.	You can find (a/an) soup which is salty. (A/an) soup is usually either salty or not salty. It cannot be a bit more or less salty.	5_pilot	1	https://app.prolific.co/submissions/complete?cc=460F6C9E	variability_limited-warm-flannel	Agree or disagree (run5_pilot-experiment3-batch2-70-70)
33c70090-12d8-41f5-8c71-65f82d5907ca	2	I know that being warm is necessary for many things (a/an) flannel does or is used for. 	I know that being bright is necessary for many things (a/an) flashlight does or is used for. 	I know that being grey is necessary for many things (a/an) car does or is used for. 	5_pilot	1	https://app.prolific.co/submissions/complete?cc=460F6C9E	affording_activity-warm-flannel	Agree or disagree (run5_pilot-experiment3-batch2-70-70)
6fca6cbf-a082-4ba9-b79c-bfd0b5d8cf05	2	I could say (a/an) flannel is warm, but I would most certainly not mean it literally.	"I could say (a/an) anger is hot, but I would most certainly not mean it literally.
I could say (a/an) person is cold, but I would most certainly not mean it literally.
I could say (a/an) story is dark, but I would most certainly not mean it literally."	"I could say (a/an) fire is hot, but I would most certainly not mean it literally.
I could say (a/an) stone is heavy, but I would most certainly not mean it literally.
I could say (a/an) argument is liquid, but I would most certainly not mean it literally."	5_pilot	1	https://app.prolific.co/submissions/complete?cc=460F6C9E	creative-warm-flannel	Agree or disagree (run5_pilot-experiment3-batch2-70-70)
23b622e1-b418-428e-8629-7aed98bb347c	2	You can find (a/an) flannel which is warm. (A/an) flannel is usually either warm, a bit more or less warm or the opposite of warm.	You can find (a/an) chocolate which is bitter. (A/an) chocolate is usually either bitter, a bit more or less bitter or the opposite of bitter.	You can find (a/an) diamond which is soft. (A/an) diamond is usually either soft, a bit more or less soft or the opposite of soft.	5_pilot	1	https://app.prolific.co/submissions/complete?cc=460F6C9E	variability_open-warm-flannel	Agree or disagree (run5_pilot-experiment3-batch2-70-70)
ffb83821-48ec-4a94-a203-37be37a37260	2	I know that (a/an) flannel is warm as most or all other things similar to (a/an) flannel are warm. 	I know that (a/an) chocoloate_cake is sweet as most or all other things similar to (a/an) chocoloate_cake are sweet. 	I know that (a/an) table is transparent as most or all other things similar to (a/an) table are transparent. 	5_pilot	1	https://app.prolific.co/submissions/complete?cc=460F6C9E	implied_category-warm-flannel	Agree or disagree (run5_pilot-experiment3-batch2-70-70)
fe3ed01e-0f0f-4e58-b866-76eb8a1c5c0a	2	``Flannel'' is one of the first things which come to mind when I hear ``warm' because (a/an) flannel is a typical example of things which are warm'. 	``Snow'' is one of the first things which come to mind when I hear ``white' because (a/an) snow is a typical example of things which are white'. 	``Water'' is one of the first things which come to mind when I hear ``grey' because (a/an) water is a typical example of things which are grey'. 	5_pilot	1	https://app.prolific.co/submissions/complete?cc=460F6C9E	typical_of_property-warm-flannel	Agree or disagree (run5_pilot-experiment3-batch2-70-70)
c8e1e563-bad4-4f8a-ab51-c72f48f388f1	2	Usually, (a/an) flannel is not warm, but there could be a highly unusual situation in which (a/an) flannel is warm.	Usually, (a/an) table is not furry, but there could be a highly unusual situation in which (a/an) table is furry.	Usually, (a/an) cat is not furry, but there could be a highly unusual situation in which (a/an) cat is furry.	5_pilot	1	https://app.prolific.co/submissions/complete?cc=460F6C9E	unusual-warm-flannel	Agree or disagree (run5_pilot-experiment3-batch2-70-70)
43976024-95ed-4edd-81b0-025b1fc71f7b	2	I think it is impossible for (a/an) flannel to be warm.	I think it is impossible for (a/an) flame to be frozen.	I think it is impossible for (a/an) book to be light.	5_pilot	1	https://app.prolific.co/submissions/complete?cc=460F6C9E	impossible-warm-flannel	Agree or disagree (run5_pilot-experiment3-batch2-70-70)
fc7b35b9-646d-490a-9ff4-f9328c455bb5	2	``Warm'' is one for the first things which come to mind when I hear ``flannel' because warm is one of the typical qualities of (a/an) flannel'.	``Heavy'' is one for the first things which come to mind when I hear ``rock' because heavy is one of the typical qualities of (a/an) rock'.	``Bright'' is one for the first things which come to mind when I hear ``mug' because bright is one of the typical appearances of (a/an) mug'.	5_pilot	1	https://app.prolific.co/submissions/complete?cc=460F6C9E	typical_of_concept-warm-flannel	Agree or disagree (run5_pilot-experiment3-batch2-70-70)
5046b0ed-4332-41a4-bee8-093645a9fce9	2	I think (a/an) flannel can be warm, but this is rare or uncommon.	I think (a/an) chocolate can be salty, but this is rare or uncommon.	I think (a/an) cherry can be salty, but this is rare or uncommon.	5_pilot	1	https://app.prolific.co/submissions/complete?cc=460F6C9E	rare-warm-flannel	Agree or disagree (run5_pilot-experiment3-batch2-70-70)
4c2f8699-e8b7-4ea1-b186-503275c3a34a	2	You can find (a/an) kernel which is juicy. Juicy is one of a few possible qualities (a/an) kernel usually has. There is only a limited range of possible qualities.	You can find (a/an) apple which is green. Green is one of a few possible colors (a/an) apple usually has. There is only a limited range of possible colors.	You can find (a/an) car which is white. White is one of a few possible colors (a/an) car usually has. There is only a limited range of possible colors.	5_pilot	1	https://app.prolific.co/submissions/complete?cc=460F6C9E	variability_limited-juicy-kernel	Agree or disagree (run5_pilot-experiment3-batch2-70-70)
176034c6-5fae-4dfe-a68f-1ca948396a2f	2	I could say (a/an) kernel is juicy, but I would most certainly not mean it literally.	"I could say (a/an) anger is hot, but I would most certainly not mean it literally.
I could say (a/an) person is cold, but I would most certainly not mean it literally.
I could say (a/an) story is dark, but I would most certainly not mean it literally."	"I could say (a/an) fire is hot, but I would most certainly not mean it literally.
I could say (a/an) stone is heavy, but I would most certainly not mean it literally.
I could say (a/an) argument is liquid, but I would most certainly not mean it literally."	5_pilot	1	https://app.prolific.co/submissions/complete?cc=460F6C9E	creative-juicy-kernel	Agree or disagree (run5_pilot-experiment3-batch2-70-70)
b30058fe-5e7d-47b9-a822-6875dc1a4e70	2	You can find (a/an) kernel which is juicy. Juicy is one of many possible qualities (a/an) kernel usually has. The range of qualities is almost unlimited. 	You can find (a/an) dress which is white. White is one of many possible colors (a/an) dress usually has. The range of colors is almost unlimited. 	You can find (a/an) pea which is green. Green is one of many possible colors (a/an) pea usually has. The range of colors is almost unlimited. 	5_pilot	1	https://app.prolific.co/submissions/complete?cc=460F6C9E	variability_open-juicy-kernel	Agree or disagree (run5_pilot-experiment3-batch2-70-70)
98fee512-40ae-407d-b33e-dc45b3357e8f	2	I think (a/an) kernel can be juicy, but this is rare or uncommon.	I think (a/an) snail can be purple, but this is rare or uncommon.	I think (a/an) bell pepper can be green, but this is rare or uncommon.	5_pilot	1	https://app.prolific.co/submissions/complete?cc=460F6C9E	rare-juicy-kernel	Agree or disagree (run5_pilot-experiment3-batch2-70-70)
ce775120-74fc-4ac6-8988-4148dbea8ec2	2	``Kernel'' is one of the first things which come to mind when I hear ``juicy' because (a/an) kernel is a typical example of things which are juicy'. 	``Snow'' is one of the first things which come to mind when I hear ``white' because (a/an) snow is a typical example of things which are white'. 	``Water'' is one of the first things which come to mind when I hear ``grey' because (a/an) water is a typical example of things which are grey'. 	5_pilot	1	https://app.prolific.co/submissions/complete?cc=460F6C9E	typical_of_property-juicy-kernel	Agree or disagree (run5_pilot-experiment3-batch2-70-70)
770d7694-7049-4859-a9e1-b8eb7fa30aa7	2	Usually, (a/an) kernel is not juicy, but there could be a highly unusual situation in which (a/an) kernel is juicy.	Usually, (a/an) dog is not green, but there could be a highly unusual situation in which (a/an) dog is green.	Usually, (a/an) razor is not sharp, but there could be a highly unusual situation in which (a/an) razor is sharp.	5_pilot	1	https://app.prolific.co/submissions/complete?cc=460F6C9E	unusual-juicy-kernel	Agree or disagree (run5_pilot-experiment3-batch2-70-70)
8b549816-5e44-4026-b3b0-e038701b0443	2	``Juicy'' is one for the first things which come to mind when I hear ``kernel' because juicy is one of the typical qualities of (a/an) kernel'.	``Spicy'' is one for the first things which come to mind when I hear ``chili_pepper' because spicy is one of the typical tastes of (a/an) chili_pepper'.	``Sweet'' is one for the first things which come to mind when I hear ``spinach' because sweet is one of the typical tastes of (a/an) spinach'.	5_pilot	1	https://app.prolific.co/submissions/complete?cc=460F6C9E	typical_of_concept-juicy-kernel	Agree or disagree (run5_pilot-experiment3-batch2-70-70)
4973adc7-2447-4a4a-8dc1-a6be9f4841be	2	I think it is impossible for (a/an) kernel to be juicy.	I think it is impossible for (a/an) steam to be solid.	I think it is impossible for (a/an) flame to be orange.	5_pilot	1	https://app.prolific.co/submissions/complete?cc=460F6C9E	impossible-juicy-kernel	Agree or disagree (run5_pilot-experiment3-batch2-70-70)
c08a1045-6a0b-49e4-acb0-592c8a256a88	2	I know that being juicy is necessary for many things (a/an) kernel does or is used for. 	I know that being pointy is necessary for many things (a/an) needle does or is used for. 	I know that being white is necessary for many things (a/an) t-shirt does or is used for. 	5_pilot	1	https://app.prolific.co/submissions/complete?cc=460F6C9E	affording_activity-juicy-kernel	Agree or disagree (run5_pilot-experiment3-batch2-70-70)
882fc487-9a7e-4011-8a4a-bf42f34352fc	2	I know that (a/an) kernel is juicy as most or all other things similar to (a/an) kernel are juicy. 	I know that (a/an) wine is liquid as most or all other things similar to (a/an) wine are liquid. 	I know that (a/an) bread is liquid as most or all other things similar to (a/an) bread are liquid. 	5_pilot	1	https://app.prolific.co/submissions/complete?cc=460F6C9E	implied_category-juicy-kernel	Agree or disagree (run5_pilot-experiment3-batch2-70-70)
69f8bb21-09f8-476d-a2ea-cac7dc94bf9c	2	You can find (a/an) ham which is juicy. Juicy is one of a few possible qualities (a/an) ham usually has. There is only a limited range of possible qualities.	You can find (a/an) apple which is green. Green is one of a few possible colors (a/an) apple usually has. There is only a limited range of possible colors.	You can find (a/an) car which is white. White is one of a few possible colors (a/an) car usually has. There is only a limited range of possible colors.	5_pilot	1	https://app.prolific.co/submissions/complete?cc=460F6C9E	variability_limited-juicy-ham	Agree or disagree (run5_pilot-experiment3-batch2-70-70)
3049f819-20b9-42ce-91cc-409ecfd2e1a7	2	I think it is impossible for (a/an) ham to be juicy.	I think it is impossible for (a/an) steam to be solid.	I think it is impossible for (a/an) flame to be orange.	5_pilot	1	https://app.prolific.co/submissions/complete?cc=460F6C9E	impossible-juicy-ham	Agree or disagree (run5_pilot-experiment3-batch2-70-70)
16ffacbc-4c0d-45c0-801f-0fc517faf08b	2	``Ham'' is one of the first things which come to mind when I hear ``juicy' because (a/an) ham is a typical example of things which are juicy'. 	``Mouse'' is one of the first things which come to mind when I hear ``small' because (a/an) mouse is a typical example of things which are small'. 	``Dog'' is one of the first things which come to mind when I hear ``small' because (a/an) dog is a typical example of things which are small'. 	5_pilot	1	https://app.prolific.co/submissions/complete?cc=460F6C9E	typical_of_property-juicy-ham	Agree or disagree (run5_pilot-experiment3-batch2-70-70)
47f1bfa0-397b-4db0-8adf-965177409b24	2	Usually, (a/an) ham is not juicy, but there could be a highly unusual situation in which (a/an) ham is juicy.	Usually, (a/an) chocolate is not pink, but there could be a highly unusual situation in which (a/an) chocolate is pink.	Usually, (a/an) chocolate is not brown, but there could be a highly unusual situation in which (a/an) chocolate is brown.	5_pilot	1	https://app.prolific.co/submissions/complete?cc=460F6C9E	unusual-juicy-ham	Agree or disagree (run5_pilot-experiment3-batch2-70-70)
8bafe246-3754-4550-a370-1997e377df17	2	I think (a/an) ham can be juicy, but this is rare or uncommon.	I think (a/an) snail can be purple, but this is rare or uncommon.	I think (a/an) bell pepper can be green, but this is rare or uncommon.	5_pilot	1	https://app.prolific.co/submissions/complete?cc=460F6C9E	rare-juicy-ham	Agree or disagree (run5_pilot-experiment3-batch2-70-70)
6fd79457-53dc-4de8-9ba4-48b0cc506a46	2	I could say (a/an) ham is juicy, but I would most certainly not mean it literally.	"I could say (a/an) anger is hot, but I would most certainly not mean it literally.
I could say (a/an) person is cold, but I would most certainly not mean it literally.
I could say (a/an) story is dark, but I would most certainly not mean it literally."	"I could say (a/an) fire is hot, but I would most certainly not mean it literally.
I could say (a/an) stone is heavy, but I would most certainly not mean it literally.
I could say (a/an) argument is liquid, but I would most certainly not mean it literally."	5_pilot	1	https://app.prolific.co/submissions/complete?cc=460F6C9E	creative-juicy-ham	Agree or disagree (run5_pilot-experiment3-batch2-70-70)
98677118-0d48-4619-a0cf-d87777ca7c51	2	I know that (a/an) ham is juicy as most or all other things similar to (a/an) ham are juicy. 	I know that (a/an) chocoloate_cake is sweet as most or all other things similar to (a/an) chocoloate_cake are sweet. 	I know that (a/an) table is transparent as most or all other things similar to (a/an) table are transparent. 	5_pilot	1	https://app.prolific.co/submissions/complete?cc=460F6C9E	implied_category-juicy-ham	Agree or disagree (run5_pilot-experiment3-batch2-70-70)
4f7bd47e-7c16-4405-aac4-11aaf4c25064	2	You can find (a/an) ham which is juicy. Juicy is one of many possible qualities (a/an) ham usually has. The range of qualities is almost unlimited. 	You can find (a/an) flower which is purple. Purple is one of many possible colors (a/an) flower usually has. The range of colors is almost unlimited. 	You can find (a/an) carrot which is orange. Orange is one of many possible colors (a/an) carrot usually has. The range of colors is almost unlimited. 	5_pilot	1	https://app.prolific.co/submissions/complete?cc=460F6C9E	variability_open-juicy-ham	Agree or disagree (run5_pilot-experiment3-batch2-70-70)
a692d3ff-e756-41bd-9b39-953795bb57ec	2	I know that being juicy is necessary for many things (a/an) ham does or is used for. 	I know that being bright is necessary for many things (a/an) flashlight does or is used for. 	I know that being grey is necessary for many things (a/an) car does or is used for. 	5_pilot	1	https://app.prolific.co/submissions/complete?cc=460F6C9E	affording_activity-juicy-ham	Agree or disagree (run5_pilot-experiment3-batch2-70-70)
6af89507-69c2-4644-986d-a72909a15cac	2	``Juicy'' is one for the first things which come to mind when I hear ``ham' because juicy is one of the typical qualities of (a/an) ham'.	``Bitter'' is one for the first things which come to mind when I hear ``coffee' because bitter is one of the typical tastes of (a/an) coffee'.	``Salty'' is one for the first things which come to mind when I hear ``beer' because salty is one of the typical tastes of (a/an) beer'.	5_pilot	1	https://app.prolific.co/submissions/complete?cc=460F6C9E	typical_of_concept-juicy-ham	Agree or disagree (run5_pilot-experiment3-batch2-70-70)
3208bce2-1b14-4bb4-bb6b-761fcede5550	2	I know that (a/an) gravy is used_in_cooking as most or all other things similar to (a/an) gravy are used_in_cooking. 	I know that (a/an) orange is healthy as most or all other things similar to (a/an) orange are healthy. 	I know that (a/an) strawberry is heavy as most or all other things similar to (a/an) strawberry are heavy. 	5_pilot	1	https://app.prolific.co/submissions/complete?cc=460F6C9E	implied_category-used_in_cooking-gravy	Agree or disagree (run5_pilot-experiment3-batch2-70-70)
ac40d463-b525-42f1-bacd-cf4f84b85204	2	``Gravy'' is one of the first things which come to mind when I hear ``used_in_cooking' because (a/an) gravy is a typical example of things which are used_in_cooking'. 	``Movie_star'' is one of the first things which come to mind when I hear ``famous' because (a/an) movie_star is a typical example of things which are famous'. 	``Mug'' is one of the first things which come to mind when I hear ``expensive' because (a/an) mug is a typical example of things which are expensive'. 	5_pilot	1	https://app.prolific.co/submissions/complete?cc=460F6C9E	typical_of_property-used_in_cooking-gravy	Agree or disagree (run5_pilot-experiment3-batch2-70-70)
64c48c52-3287-4c4e-9256-1fe08f52550d	2	I think it is impossible for (a/an) gravy to be used_in_cooking.	I think it is impossible for (a/an) stone to be intelligent.	I think it is impossible for (a/an) doctor to be sick.	5_pilot	1	https://app.prolific.co/submissions/complete?cc=460F6C9E	impossible-used_in_cooking-gravy	Agree or disagree (run5_pilot-experiment3-batch2-70-70)
49a704a7-3cb4-41f6-8aaf-de1ef68d1197	2	You can find (a/an) gravy which is used_in_cooking. Used_in_cooking is one of many possible uses (a/an) gravy usually has. The range of uses is almost unlimited. 	You can find (a/an) flower which is purple. Purple is one of many possible colors (a/an) flower usually has. The range of colors is almost unlimited. 	You can find (a/an) carrot which is orange. Orange is one of many possible colors (a/an) carrot usually has. The range of colors is almost unlimited. 	5_pilot	1	https://app.prolific.co/submissions/complete?cc=460F6C9E	variability_open-used_in_cooking-gravy	Agree or disagree (run5_pilot-experiment3-batch2-70-70)
eb76ff54-444d-4678-9258-5cf2fcbd9e26	2	Usually, (a/an) gravy is not used_in_cooking, but there could be a highly unusual situation in which (a/an) gravy is used_in_cooking.	Usually, (a/an) beer is not green, but there could be a highly unusual situation in which (a/an) beer is green.	Usually, (a/an) beer is not brown, but there could be a highly unusual situation in which (a/an) beer is brown.	5_pilot	1	https://app.prolific.co/submissions/complete?cc=460F6C9E	unusual-used_in_cooking-gravy	Agree or disagree (run5_pilot-experiment3-batch2-70-70)
9465aa89-d7b9-41c4-92d3-ef0ed21e92b6	2	I know that being used_in_cooking is necessary for many things (a/an) gravy does or is used for. 	I know that being pointy is necessary for many things (a/an) needle does or is used for. 	I know that being white is necessary for many things (a/an) t-shirt does or is used for. 	5_pilot	1	https://app.prolific.co/submissions/complete?cc=460F6C9E	affording_activity-used_in_cooking-gravy	Agree or disagree (run5_pilot-experiment3-batch2-70-70)
70672d5b-d5d5-4dcc-a98d-6260805341d4	2	``Used_in_cooking'' is one for the first things which come to mind when I hear ``gravy' because used_in_cooking is one of the typical uses of (a/an) gravy'.	``Heavy'' is one for the first things which come to mind when I hear ``rock' because heavy is one of the typical qualities of (a/an) rock'.	``Green'' is one for the first things which come to mind when I hear ``raspberry' because green is one of the typical colors of (a/an) raspberry'.	5_pilot	1	https://app.prolific.co/submissions/complete?cc=460F6C9E	typical_of_concept-used_in_cooking-gravy	Agree or disagree (run5_pilot-experiment3-batch2-70-70)
686e20a7-e25c-4195-b44e-3fb1f5e36093	2	You can find (a/an) gravy which is used_in_cooking. Used_in_cooking is one of a few possible uses (a/an) gravy usually has. There is only a limited range of possible uses.	You can find (a/an) apple which is green. Green is one of a few possible colors (a/an) apple usually has. There is only a limited range of possible colors.	You can find (a/an) car which is white. White is one of a few possible colors (a/an) car usually has. There is only a limited range of possible colors.	5_pilot	1	https://app.prolific.co/submissions/complete?cc=460F6C9E	variability_limited-used_in_cooking-gravy	Agree or disagree (run5_pilot-experiment3-batch2-70-70)
8004e78a-23eb-4c42-9b5e-9ac168d8cecc	2	I think (a/an) gravy can be used_in_cooking, but this is rare or uncommon.	I think (a/an) snail can be purple, but this is rare or uncommon.	I think (a/an) bell_pepper can be green, but this is rare or uncommon.	5_pilot	1	https://app.prolific.co/submissions/complete?cc=460F6C9E	rare-used_in_cooking-gravy	Agree or disagree (run5_pilot-experiment3-batch2-70-70)
03c162d8-1871-4bb9-8323-5e201ebec6da	2	I could say (a/an) gravy is used_in_cooking, but I would most certainly not mean it literally.	"I could say (a/an) computer is dying, but I would most certainly not mean it literally.
I could say (a/an) idea is alive, but I would most certainly not mean it literally.
I could say (a/an) thought is toxic, but I would most certainly not mean it literally."	"I could say (a/an) pet is dying, but I would most certainly not mean it literally.
I could say (a/an) dog is alive, but I would most certainly not mean it literally.
I could say (a/an) substance is toxic, but I would most certainly not mean it literally."	5_pilot	1	https://app.prolific.co/submissions/complete?cc=460F6C9E	creative-used_in_cooking-gravy	Agree or disagree (run5_pilot-experiment3-batch2-70-70)
test3_true	2	You can find (a/an) t-shirt which is grey. Grey is one of many possible colors (a/an) t-shirt usually has. The range of colors is almost unlimited. 	You can find (a/an) flower which is purple. Purple is one of many possible colors (a/an) flower usually has. The range of colors is almost unlimited. 	You can find (a/an) carrot which is orange. Orange is one of many possible colors (a/an) carrot usually has. The range of colors is almost unlimited. 	5_pilot	1	https://app.prolific.co/submissions/complete?cc=460F6C9E	variability_open-grey-t-shirt	Agree or disagree (run5_pilot-experiment3-batch2-70-70)
test1_false	2	``Pink'' is one for the first things which come to mind when I hear ``grass' because pink is one of the typical colors of (a/an) grass'.	``Spicy'' is one for the first things which come to mind when I hear ``chili_pepper' because spicy is one of the typical tastes of (a/an) chili_pepper'.	``Sweet'' is one for the first things which come to mind when I hear ``spinach' because sweet is one of the typical tastes of (a/an) spinach'.	5_pilot	1	https://app.prolific.co/submissions/complete?cc=460F6C9E	typical_of_concept-pink-grass	Agree or disagree (run5_pilot-experiment3-batch2-70-70)
